<?xml version="1.0" encoding="UTF-8"?>
<T3locallangExt>
  <data type="array">
    <languageKey index="de" type="array">
      <label index="please_select">Bitte wählen...</label>
      <label index="tx_powermail_forms">Formulare</label>
      <label index="tt_content.CType_pi1">powermail</label>
      <label index="tx_powermail_forms.title">Formularname (für internen Gebrauch)</label>
      <label index="tx_powermail_forms.fieldsets">Formularseiten</label>
      <label index="tx_powermail_forms.preview">Voransicht</label>
      <label index="tx_powermail_forms.recipient">Empfänger E-Mail (und optional Empfänger Name)</label>
      <label index="tx_powermail_forms.subject_r">Betreff für Empfänger-E-Mail</label>
      <label index="tx_powermail_forms.subject_s">Betreff für Absender-E-Mail</label>
      <label index="tx_powermail_forms.sender">E-Mail-Adresse des Absenders</label>
      <label index="tx_powermail_forms.sendername">Name des Absenders</label>
      <label index="tx_powermail_forms.confirm">Bestätigungsseite aktivieren</label>
      <label index="tx_powermail_forms.startingpoint">Speicherort für E-Mails (leer für gleiche Seite)</label>
      <label index="tx_powermail_forms.multiple">Mehrere Schritte (jedes Fieldset ist eine eigene Seite)</label>
      <label index="tx_powermail_forms.multiple.I.0">Zeige alle Fieldsets auf einer Seite (Standard)</label>
      <label index="tx_powermail_forms.multiple.I.1">Mehrere Seiten (Client-seitig)</label>
      <label index="tx_powermail_forms.multiple.I.2">Mehrere Seiten (Server-Anwendung)</label>
      <label index="tx_powermail_forms.recip_table">Tabelle mit Empfängern</label>
      <label index="tx_powermail_forms.recip_id">Empfänger aus obiger Tabelle</label>
      <label index="tx_powermail_forms.recip_field">Feldname, in dem die E-Mail-Adresse gespeichert ist</label>
      <label index="tx_powermail_forms.query">Alternative SQL-Abfrage</label>
      <label index="tx_powermail_forms.thanks">Antworttext (wird nach dem Versand auf Website angezeigt)</label>
      <label index="tx_powermail_forms.mailsender">Text E-Mail an Absender</label>
      <label index="tx_powermail_forms.mailsender.default">Vielen Dank für Ihre Nachricht: ###POWERMAIL_ALL###</label>
      <label index="tx_powermail_forms.mailreceiver">Text E-Mail an Empfänger</label>
      <label index="tx_powermail_forms.mailreceiver.default">Diese E-Mail wurde von Ihrer Website versandt: ###POWERMAIL_ALL###</label>
      <label index="tx_powermail_forms.redirect">Auto-Weiterleitung nach Bestätigungsseite</label>
      <label index="tx_powermail_forms.updateError">Powermail-FEHLER: Bitte gehen Sie zurück in den Erweiterungsmanager, wählen die Erweiterung powermail und drücken die Schaltfläche "Update"!</label>
      <label index="tx_powermail_forms.noError">Es konnten keine Fehler gefunden werden</label>
      <label index="tx_powermail_fieldsets">Formularseiten</label>
      <label index="tx_powermail_fieldsets.form">Formular</label>
      <label index="tx_powermail_fieldsets.title">Titel</label>
      <label index="tx_powermail_fieldsets.fields">Felder</label>
      <label index="tx_powermail_fieldsets.addition">Zusätzliche Einstellungen</label>
      <label index="tx_powermail_fieldsets.class">CSS-Klasse hinzufügen</label>
      <label index="tx_powermail_fieldsets.tt_content">Powermail-Seiteninhalt</label>
      <label index="tx_powermail_fields">Formularfelder</label>
      <label index="tx_powermail_fields.fieldset">Feldgruppe</label>
      <label index="tx_powermail_fields.title">Beschriftung</label>
      <label index="tx_powermail_fields.name">Feldname (wird nicht angezeigt)</label>
      <label index="tx_powermail_fields.description">Beschreibung</label>
      <label index="tx_powermail_fields.type">Feldtyp</label>
      <label index="tx_powermail_fields.field">Einstellungen</label>
      <label index="tx_powermail_fields.fe_field">Dieses Feld mit Daten aus der Tabelle fe_user füllen</label>
      <label index="tx_powermail_fields.class">CSS-Klasse hinzufügen</label>
      <label index="tx_powermail_fields.pattern">RegExp-Ausdruck</label>
      <label index="tx_powermail_mails">E-Mails</label>
      <label index="tx_powermail_mails.formid">UID des Seiteninhaltes des Formulare</label>
      <label index="tx_powermail_mails.recipient">Empfänger</label>
      <label index="tx_powermail_mails.cc_recipient">CC-Empfänger</label>
      <label index="tx_powermail_mails.subject_r">Betreff</label>
      <label index="tx_powermail_mails.sender">Absender</label>
      <label index="tx_powermail_mails.content">Inhalt</label>
      <label index="tx_powermail_mails.content_RTE">Rich-Text-Editor (RTE) im Vollbildmodus</label>
      <label index="tx_powermail_mails.piVars">Alle Felder</label>
      <label index="tx_powermail_mails.senderIP">IP-Adresse des Absenders</label>
      <label index="tx_powermail_mails.UserAgent">Browser des Absenders</label>
      <label index="tx_powermail_mails.Referer">URL der Seite des verwendeten Formulares</label>
      <label index="tx_powermail_mails.SP_TZ">Sender Ort</label>
      <label index="tx_powermail_mails.Additional">Weitere Informationen</label>
      <label index="tx_powermail_mails.feuser">Ausgefüllt von fe_user</label>
      <label index="tt_content.list_type_pi1">Powermail</label>
      <label index="tx_powermail_forms.div1">Formulardaten</label>
      <label index="tx_powermail_forms.div2">Felder</label>
      <label index="tx_powermail_forms.div4">Empfänger</label>
      <label index="tx_powermail_forms.div3">Absender</label>
      <label index="tx_powermail_forms.div5">Antwortseite</label>
      <label index="tx_powermail_forms.div6">Text E-Mail an Absender</label>
      <label index="tx_powermail_forms.div7">Text E-Mail an Empfänger</label>
      <label index="tx_powermail_forms.div8">Zugriff</label>
      <label index="tx_powermail_forms.fieldtitle.text">Textfeld</label>
      <label index="tx_powermail_forms.fieldtitle.textarea">Mehrzeiliges Textfeld</label>
      <label index="tx_powermail_forms.fieldtitle.select">Auswahlbox</label>
      <label index="tx_powermail_forms.fieldtitle.check">Checkbox(en)</label>
      <label index="tx_powermail_forms.fieldtitle.radio">Radioknopf/-knöpfe</label>
      <label index="tx_powermail_forms.fieldtitle.password">Passwortfeld</label>
      <label index="tx_powermail_forms.fieldtitle.file">Datei-Upload</label>
      <label index="tx_powermail_forms.fieldtitle.content">TYPO3-Seiteninhalt</label>
      <label index="tx_powermail_forms.fieldtitle.hidden">Verstecktes Feld</label>
      <label index="tx_powermail_forms.fieldtitle.label">Text anzeigen</label>
      <label index="tx_powermail_forms.fieldtitle.html">Eigenen HTML-Code eintragen</label>
      <label index="tx_powermail_forms.fieldtitle.submit">Schaltfläche Abschicken</label>
      <label index="tx_powermail_forms.fieldtitle.reset">Schaltfläche Zurücksetzen</label>
      <label index="tx_powermail_forms.fieldtitle.datetime">Datum- und Zeit-Feld</label>
      <label index="tx_powermail_forms.fieldtitle.date">Datumfeld</label>
      <label index="tx_powermail_forms.fieldtitle.button">Schaltfläche</label>
      <label index="tx_powermail_forms.fieldtitle.submitgraphic">Grafik als Absendeschaltfläche</label>
      <label index="tx_powermail_forms.fieldtitle.countryselect">Länderauswahl</label>
      <label index="tx_powermail_forms.fieldtitle.captcha">Captcha-Abfrage</label>
      <label index="tx_powermail_forms.fieldtitle.typoscript">TypoScript-Objekt hinzufügen</label>
      <label index="tx_powermail_forms.fieldtitle.div1">Standard</label>
      <label index="tx_powermail_forms.fieldtitle.div2">Extra</label>
      <label index="tx_powermail_forms.fieldtitle.div3">Erweiterungen</label>
      <label index="tx_powermail_forms.xml.name">Name für Vorlagen</label>
      <label index="tx_powermail_forms.xml.label">Beschreibung</label>
      <label index="tx_powermail_forms.xml.size">Größe</label>
      <label index="tx_powermail_forms.xml.maxlength">Max. Länge</label>
      <label index="tx_powermail_forms.xml.readonly">Nur Lesen</label>
      <label index="tx_powermail_forms.xml.mandatory">Pflichtfeld</label>
      <label index="tx_powermail_forms.xml.cols">Spaltenanzahl</label>
      <label index="tx_powermail_forms.xml.rows">Zeilenanzahl</label>
      <label index="tx_powermail_forms.xml.wrap">Umbruch</label>
      <label index="tx_powermail_forms.xml.wrap.0">Kein Umbruch</label>
      <label index="tx_powermail_forms.xml.wrap.1">Umbruch erlauben</label>
      <label index="tx_powermail_forms.xml.multiple">Mehrfachauswahl erlaubt</label>
      <label index="tx_powermail_forms.xml.options">Optionen eintragen</label>
      <label index="tx_powermail_forms.xml.relation">TYPO3-Seiteninhalt</label>
      <label index="tx_powermail_forms.xml.send">Inhalt in E-Mail mitsenden</label>
      <label index="tx_powermail_forms.xml.value">Standardwert</label>
      <label index="tx_powermail_forms.xml.src">Bildpfad</label>
      <label index="tx_powermail_forms.xml.alt">Alternativer Text für Grafik</label>
      <label index="tx_powermail_forms.xml.preselect">Länder vorauswählen</label>
      <label index="tx_powermail_forms.xml.within">Nur diese Länder anzeigen</label>
      <label index="tx_powermail_forms.xml.without">Diese Länder aus Liste ausschließen</label>
      <label index="tx_powermail_forms.xml.typoscript">TypoScript-Objekt</label>
      <label index="tx_powermail_forms.xml.validate">Dieses Feld überprüfen auf</label>
      <label index="tx_powermail_forms.xml.validate.1">E-Mail-Adresse</label>
      <label index="tx_powermail_forms.xml.validate.2">URL</label>
      <label index="tx_powermail_forms.xml.validate.3">nur Zahlen</label>
      <label index="tx_powermail_forms.xml.validate.4">nur Zahlen (ohne Komma oder Punkt)</label>
      <label index="tx_powermail_forms.xml.validate.5">nur Buchstaben</label>
      <label index="tx_powermail_forms.xml.validate.6">nur Buchstaben und Zahlen</label>
      <label index="tx_powermail_forms.xml.validate.7">Regulären Ausdruck</label>
      <label index="tx_powermail_forms.xml.validate.8">Nur Buchstaben (Umlaute eingeschlossen)</label>
      <label index="tx_powermail_forms.xml.validate.9">nur Buchstaben und Zahlen (Umlaute eingeschlossen)</label>
      <label index="tx_powermail_forms.xml.inputtype">HTML5 Inputtyp</label>
      <label index="tx_powermail_forms.xml.inputtype.0">Text</label>
      <label index="tx_powermail_forms.xml.inputtype.1">Farbe</label>
      <label index="tx_powermail_forms.xml.inputtype.2">Bereich</label>
      <label index="tx_powermail_forms.xml.inputtype.3">Telefon</label>
      <label index="tx_powermail_forms.xml.inputtype.4">Zeit</label>
      <label index="tx_powermail_forms.xml.min">Minimum Datum</label>
      <label index="tx_powermail_forms.xml.max">Maximum Datum</label>
      <label index="tx_powermail_forms.xml.mincalc">Berechnetes Minimum Datum ab heute (in Tagen)</label>
      <label index="tx_powermail_forms.xml.maxcalc">Berechnetes Maximum Datum ab heute (in Tagen)</label>
      <label index="tx_powermail_forms.xml.step">Erlaubte Schritte (HTML5)</label>
      <label index="tx_powermail_forms.xml.pattern">RegEx-Muster für Eingabe (HTML5)</label>
      <label index="tx_powermail_forms.xml.placeholder">Platzhalter (HTML5)</label>
      <label index="tx_powermail_forms.xml.example">Beispiel</label>
      <label index="tx_powermail_forms.xml.countryzone">Bundesländerauswahl hinzufügen (XAJAX benötigt)</label>
      <label index="tx_powermail_forms.xml.error">Bitte wählen Sie einen Feldtypen um fortzufahren.</label>
      <label index="tx_powermail_forms.xml.countryselect.error">Bitte installieren Sie static_info_tables, um dieses Feature nutzen zu können.</label>
      <label index="tx_powermail_forms.xml.date.showselector">Zeige Monats- und Jahresauswahl</label>
      <label index="tx_powermail_forms.xml.clearSession">Seite neu laden und Session leeren</label>
    </languageKey>
  </data>
</T3locallangExt>
